{"data":[{"is_active":true,"labels":["SYSTEM","EXTERNAL"],"name":"LEGAL_ENTITY_TYPE","values":{"EMERGENCY":"Заклад з надання екстренної медичної допомоги","MIS":"Medical Information system","MSP":"заклад з надання медичних послуг","MSP_PHARMACY":"Заклад з надання медичних послуг та аптека","OUTPATIENT":"Вторинна, третинна, паліативна медична допомога та реабілітація","PHARMACY":"Аптека","PRIMARY_CARE":"Заклад з надання первинної медичної допомоги"}},{"is_active":true,"labels":["SYSTEM","EXTERNAL"],"name":"LEGAL_FORM","values":{"120":"ПРИВАТНЕ ПІДПРИЄМСТВО","140":"ДЕРЖАВНЕ ПІДПРИЄМСТВО","145":"КАЗЕННЕ ПІДПРИЄМСТВО","150":"КОМУНАЛЬНЕ ПІДПРИЄМСТВО","160":"ДОЧІРНЄ ПІДПРИЄМСТВО","193":"СПІЛЬНЕ ПІДПРИЄМСТВО","230":"АКЦІОНЕРНЕ ТОВАРИСТВО","231":"ВІДКРИТЕ АКЦІОНЕРНЕ ТОВАРИСТВО","232":"ЗАКРИТЕ АКЦІОНЕРНЕ ТОВАРИСТВО","235":"ДЕРЖАВНА АКЦІОНЕРНА КОМПАНІЯ (ТОВАРИСТВО)","240":"ТОВАРИСТВО З ОБМЕЖЕНОЮ ВІДПОВІДАЛЬНІСТЮ","250":"ТОВАРИСТВО З ДОДАТКОВОЮ ВІДПОВІДАЛЬНІСТЮ","425":"ДЕРЖАВНА ОРГАНІЗАЦІЯ (УСТАНОВА, ЗАКЛАД)","430":"КОМУНАЛЬНА ОРГАНІЗАЦІЯ (УСТАНОВА, ЗАКЛАД)","910":"ПІДПРИЄМЕЦЬ-ФІЗИЧНА ОСОБА","995":"ІНШІ ОРГАНІЗАЦІЙНО-ПРАВОВІ ФОРМИ"}},{"is_active":true,"labels":["SYSTEM","EXTERNAL"],"name":"PHONE_TYPE","values":{"LAND_LINE":"стаціонарний","MOBILE":"мобільний"}},{"is_active":true,"labels":["SYSTEM","EXTERNAL"],"name":"SETTLEMENT_TYPE","values":{"CITY":"місто","SETTLEMENT":"селище","TOWNSHIP":"селище міського типу","VILLAGE":"село"}},{"is_active":true,"labels":["SYSTEM","EXTERNAL"],"name":"OWNER_PROPERTY_TYPE","values":{"PRIVATE":"приватна форма власності","STATE":"бюджетна форма власності"}},{"is_active":true,"labels":["SYSTEM","EXTERNAL"],"name":"ADDRESS_TYPE","values":{"RECEPTION":"приймальної","REGISTRATION":"реєстрації","RESIDENCE":"проживання/розташування/перебування"}},{"is_active":true,"labels":["SYSTEM","EXTERNAL"],"name":"EDUCATION_DEGREE","values":{"BACHELOR":"Бакалавр","EXPERT":"Спеціаліст","JUNIOR_EXPERT":"Молодший спеціаліст","MASTER":"Магістр"}},{"is_active":true,"labels":["SYSTEM","EXTERNAL"],"name":"GENDER","values":{"FEMALE":"жіноча","MALE":"чоловіча"}},{"is_active":true,"labels":["SYSTEM","EXTERNAL"],"name":"COUNTRY","values":{"SL":"СЬЄРРА-ЛЕОНЕ","VA":"СВЯТИЙ ПРЕСТОЛ (ДЕРЖАВА-МІСТО ВАТИКАН)","SM":"САН-МАРІНО","TV":"ТУВАЛУ","KZ":"КАЗАХСТАН","PE":"ПЕРУ","CD":"КОНГО, ДЕМОКРАТИЧНА РЕСПУБЛІКА","SN":"СЕНЕҐАЛ","BA":"БОСНІЯ І ГЕРЦЕҐОВИНА","VC":"СЕНТ-ВІНСЕНТ І ҐРЕНАДІНИ","TW":"ТАЙВАНЬ, ПРОВІНЦІЯ КИТАЮ","NP":"НЕПАЛ","UZ":"УЗБЕКИСТАН","MY":"МАЛАЙЗІЯ","GM":"ГАМБІЯ","GA":"ГАБОН","PW":"ПАЛАУ","TH":"ТАЇЛАНД","NR":"НАУРУ","KW":"КУВЕЙТ","MU":"МАВРІКІЙ","GI":"ҐІБРАЛТАР","BJ":"БЕНІН","AR":"АРГЕНТИНА","SA":"САУДІВСЬКА АРАВІЯ","GW":"ГВІНЕЯ-БІСАУ","AT":"АВСТРІЯ","AW":"АРУБА","MZ":"МОЗАМБІК","IT":"ІТАЛІЯ","BI":"БУРУНДІ","GR":"ГРЕЦІЯ","FO":"ФАРЕРСЬКІ ОСТРОВИ","SD":"СУДАН","PS":"ПАЛЕСТИНСЬКА ТЕРИТОРІЯ","SB":"СОЛОМОНОВІ ОСТРОВИ","KR":"КОРЕЯ, РЕСПУБЛІКА","TR":"ТУРЕЧЧИНА","ST":"САН-ТОМЕ І ПРІНСІПІ","JP":"ЯПОНІЯ","TG":"ТОГО","GQ":"ЕКВАТОРІАЛЬНА ГВІНЕЯ","PH":"ФІЛІППІНИ","LS":"ЛЕСОТО","LT":"ЛИТВА","JM":"ЯМАЙКА","GF":"ФРАНЦУЗЬКА ҐВІАНА","AZ":"АЗЕРБАЙДЖАН","LA":"ЛАОСЬКА НАРОДНО-ДЕМОКРАТИЧНА РЕСПУБЛІКА","TM":"ТУРКМЕНІСТАН","MH":"МАРШАЛЛОВІ ОСТРОВИ","TJ":"ТАДЖИКИСТАН","FR":"ФРАНЦІЯ","GG":"ҐЕРНСІ","WF":"УОЛЛІС І ФУТУНА","BZ":"БЕЛІЗ","VN":"В'ЄТНАМ","SC":"СЕЙШЕЛЬСЬКІ ОСТРОВИ","PN":"ПІТКЕРН","GL":"ҐРЕНЛАНДІЯ","RS":"СЕРБІЯ","CV":"КАБО-ВЕРДЕ","BM":"БЕРМУДСЬКІ ОСТРОВИ","DJ":"ДЖІБУТІ","BV":"ОСТРІВ БУВЕ","CK":"ОСТРОВИ КУКА","NA":"НАМІБІЯ","BS":"БАГАМСЬКІ ОСТРОВИ","PL":"ПОЛЬЩА","HN":"ГОНДУРАС","BF":"БУРКІНА-ФАСО","PF":"ФРАНЦУЗЬКА ПОЛІНЕЗІЯ","BR":"БРАЗІЛІЯ","ER":"ЕРИТРЕЯ","UG":"УГАНДА","NE":"НІГЕР","NL":"НІДЕРЛАНДИ","NG":"НІГЕРІЯ","IQ":"ІРАК","BB":"БАРБАДОС","PY":"ПАРАҐВАЙ","IR":"ІРАН, ІСЛАМСЬКА РЕСПУБЛІКА","CH":"ШВЕЙЦАРІЯ","UM":"МАЛІ ВІДДАЛЕНІ ОСТРОВИ США","TK":"ТОКЕЛА","BQ":"БОНАЙРЕ, СІНТ-ЕСТАТІУС І САБА","TL":"СХІДНИЙ ТИМОР","YT":"МАЙОТТА","CI":"КОТ-Д'ІВУАР","SK":"СЛОВАЧЧИНА","WS":"САМОА","AQ":"АНТАРКТИКА","MG":"МАДАГАСКАР","TT":"ТРІНІДАД І ТОБАҐО","PM":"СЕН-П'ЄР І МІКЕЛОН","ZW":"ЗІМБАБВЕ","DM":"ДОМІНІКА","RE":"РЕЮНЬЙОН","CM":"КАМЕРУН","CC":"КОКОСОВІ (КІЛІНҐ) ОСТРОВИ","SZ":"СВАЗІЛЕНД","MR":"МАВРИТАНІЯ","HM":"ОСТРІВ ГЕРД І ОСТРОВИ МАКДОНАЛД","RW":"РУАНДА","FM":"МІКРОНЕЗІЯ, ФЕДЕРАТИВНІ ШТАТИ","MP":"ПІВНІЧНІ МАРІАНСЬКІ ОСТРОВИ","PK":"ПАКИСТАН","MW":"МАЛАВІ","VE":"ВЕНЕСУЕЛА","KY":"КАЙМАНОВІ ОСТРОВИ","CN":"КИТАЙ","DZ":"АЛЖИР","KM":"КОМОРИ","NU":"НІУЕ","PT":"ПОРТУҐАЛІЯ","US":"США","MS":"МОНТСЕРРАТ","SO":"СОМАЛІ","ES":"ІСПАНІЯ","AM":"ВІРМЕНІЯ","ML":"МАЛІ","TC":"ОСТРОВИ ТЕРКС І КАЙКОС","MM":"М'ЯНМА","JE":"ДЖЕРСІ","AO":"АНГОЛА","LV":"ЛАТВІЯ","FJ":"ФІДЖІ","UA":"УКРАЇНА","BH":"БАХРЕЙН","EG":"ЄГИПЕТ","ME":"ЧОРНОГОРІЯ","AX":"АЛАНДСЬКІ ОСТРОВИ","MQ":"МАРТІНІКА","MX":"МЕКСИКА","CX":"ОСТРІВ РІЗДВА","KH":"КАМБОДЖА","SV":"САЛЬВАДОР","AS":"АМЕРИКАНСЬКЕ САМОА","IN":"ІНДІЯ","GB":"ВЕЛИКА БРИТАНІЯ","LU":"ЛЮКСЕМБУРҐ","HT":"ГАЇТІ","DE":"НІМЕЧЧИНА","VI":"ВІРҐІНСЬКІ ОСТРОВИ (США)","NI":"НІКАРАҐУА","CG":"КОНГО","ET":"ЕФІОПІЯ","CZ":"ЧЕХІЯ","HR":"ХОРВАТІЯ","CY":"КІПР","KG":"КИРГИЗСТАН","BO":"БОЛІВІЯ","PG":"ПАПУА-НОВА ҐВІНЕЯ","ZA":"ПІВДЕННА АФРИКА","MO":"МАКАО","FI":"ФІНЛЯНДІЯ","PR":"ПУЕРТО-РІКО","SR":"СУРІНАМ","GN":"ГВІНЕЯ","TD":"ЧАД","MF":"СЕН-МАРТЕН (ФРАНЦУЗЬКА ЧАСТИНА)","VG":"ВІРҐІНСЬКІ ОСТРОВИ (БРИТ.)","NF":"ОСТРІВ НОРФОЛК","IL":"ІЗРАЇЛЬ","CW":"КЮРАСАО","GH":"ГАНА","TZ":"ТАНЗАНІЯ, ОБ'ЄДНАНА РЕСПУБЛІКА","SH":"ОСТРІВ СВЯТОЇ ЄЛЕНИ","JO":"ЙОРДАНІЯ","MV":"МАЛЬДІВИ","BE":"БЕЛЬҐІЯ","NC":"НОВА КАЛЕДОНІЯ","DK":"ДАНІЯ","GS":"ПІВДЕННА ДЖОРДЖІЯ ТА ПІВДЕННІ САНДВІЧЕВІ ОСТРОВИ","LB":"ЛІВАН","AI":"АНҐІЛЬЯ","LI":"ЛІХТЕНШТЕЙН","OM":"ОМАН","UY":"УРУҐВАЙ","KN":"СЕНТ-КІТС І НЕВІС","HU":"УГОРЩИНА","BT":"БУТАН","EC":"ЕКВАДОР","TO":"ТОНҐА","NO":"НОРВЕҐІЯ","RU":"РОСІЙСЬКА ФЕДЕРАЦІЯ","MD":"МОЛДОВА, РЕСПУБЛІКА","SY":"СИРІЙСЬКА АРАБСЬКА РЕСПУБЛІКА","DO":"ДОМІНІКАНСЬКА РЕСПУБЛІКА","KP":"КОРЕЙСЬКА НАРОДНО-ДЕМОКРАТИЧНА РЕСПУБЛІКА","MA":"МАРОККО","HK":"ГОНКОНГ","SJ":"ШПІЦБЕРҐЕН ТА ЯН-МАЄН","BW":"БОТСВАНА","IO":"БРИТАНСЬКА ТЕРИТОРІЯ В ІНДІЙСЬКОМУ ОКЕАНІ","LY":"ЛІВІЯ","CA":"КАНАДА","LK":"ШРІ-ЛАНКА","LC":"СЕНТ-ЛЮСІЯ","AG":"АНТИҐУА І БАРБУДА","SI":"СЛОВЕНІЯ","GP":"ҐВАДЕЛУПА","BN":"БРУНЕЙ-ДАРУССАЛАМ","IM":"ОСТРІВ МЕН","SE":"ШВЕЦІЯ","BD":"БАНГЛАДЕШ","VU":"ВАНУАТУ","KI":"КІРІБАТІ","AL":"АЛБАНІЯ","MT":"МАЛЬТА","KE":"КЕНІЯ","BG":"БОЛГАРІЯ","GE":"ГРУЗІЯ","IE":"ІРЛАНДІЯ","PA":"ПАНАМА","ID":"ІНДОНЕЗІЯ","AE":"ОБ'ЄДНАНІ АРАБСЬКІ ЕМІРАТИ","RO":"РУМУНІЯ","NZ":"НОВА ЗЕЛАНДІЯ","MN":"МОНГОЛІЯ","GY":"ҐАЙАНА","BL":"СЕН-БАРТЕЛЕМІ","EE":"ЕСТОНІЯ","LR":"ЛІБЕРІЯ","SX":"СІНТ-МАРТЕН (НІДЕРЛАНДСЬКА ЧАСТИНА)","CO":"КОЛУМБІЯ","CF":"ЦЕНТРАЛЬНОАФРИКАНСЬКА РЕСПУБЛІКА","MC":"МОНАКО","CR":"КОСТА-РІКА","AU":"АВСТРАЛІЯ","ZM":"ЗАМБІЯ","GT":"ҐВАТЕМАЛА","AF":"АФГАНІСТАН","MK":"КОЛИШНЯ ЮГОСЛАВСЬКА РЕСПУБЛІКА МАКЕДОНІЯ","GD":"ҐРЕНАДА","FK":"ФОЛКЛЕНДСЬКІ (МАЛЬВІНСЬКІ) ОСТРОВИ","AD":"АНДОРРА","SG":"СІНГАПУР","QA":"КАТАР","CL":"ЧІЛІ","GU":"ҐУАМ","TN":"ТУНІС","SS":"ПІВДЕННИЙ СУДАН","YE":"ЄМЕН","BY":"БІЛОРУСЬ","IS":"ІСЛАНДІЯ","CU":"КУБА","TF":"ФРАНЦУЗЬКІ ПІВДЕННІ ТЕРИТОРІЇ","EH":"ЗАХІДНА САХАРА"}},{"is_active":true,"labels":["SYSTEM","EXTERNAL"],"name":"STREET_TYPE","values":{"BOULEVARD":"бульвар","GARDEN_SQUARE":"сквер","ROADWAY":"тракт","MASSIF":"масив","GROVE":"гай","SQUARE":"площа","SETTLEMENT":"селище","ROAD":"дорога","BOARGING_HOUSE":"пансіонат","MICRODISTRICT":"мікрорайон","ISLAND":"острів","TRACK":"траса","DACHA_COOPERATIVE":"Дачний кооператив","MAIDAN":"майдан","ASCENT":"узвіз","BLIND_STREET":"тупик","STATION_SETTLEMENT":"будинок МПС","LINE":"лінія","RIVER_SIDE":"набережна","PASS":"прохід","SELECTION_BASE":"селекційна станція","MINE":"шахта","LANE":"провулок","AVENUE":"проспект","BLOCK":"квартал","MILITARY_BASE":"військова частина","COUNTRY_LANE":"завулок","WAY":"шлях","STATION":"станція","PASSAGE":"проїзд","SMALL VILLAGE":"присілок","HIGHWAY":"шосе","STREET":"вулиця","TRACT":"урочище","STATE_FARM":"радгосп","ALLEY":"алея","SANATORIUM":"санаторій","ENTRANCE":"в'їзд","HAMLET":"хутір","FORESTRY":"лісництво","PASSING_LOOP":"роз'їзд","HOUSING_AREA":"житловий масив","CROSSROADS":"розвилка","PARK":"парк"}},{"is_active":true,"labels":["SYSTEM","EXTERNAL"],"name":"ACCREDITATION_CATEGORY","values":{"FIRST":"Перша категорія","HIGHEST":"Вища категорія","NO_ACCREDITATION":"Без аккредитації","SECOND":"Друга категорія"}},{"is_active":true,"labels":["SYSTEM","EXTERNAL"],"name":"SPECIALITY_LEVEL","values":{"BASIC":"Лікар-спеціаліст","FIRST":"Перша категорія","HIGHEST":"Вища категорія","NOT_APPLICABLE":"Не застосовується","SECOND":"Друга категорія"}},{"is_active":true,"labels":["SYSTEM","EXTERNAL"],"name":"EMPLOYEE_STATUS","values":{"APPROVED":"Активний","DISMISSED":"Звільнений"}},{"is_active":true,"labels":["SYSTEM","EXTERNAL"],"name":"DOCUMENT_TYPE","values":{"BIRTH_CERTIFICATE":"Свідоцтво про народження (для осіб, які не досягли 14-річного віку)","BIRTH_CERTIFICATE_FOREIGN":"Свідоцтво про народження іноземного зразку","COMPLEMENTARY_PROTECTION_CERTIFICATE":"Посвідчення особи, яка потребує додаткового захисту","NATIONAL_ID":"Біометричний паспорт громадянина України","PASSPORT":"Паспорт громадянина України","PERMANENT_RESIDENCE_PERMIT":"Посвідка на постійне проживання в Україні","REFUGEE_CERTIFICATE":"Посвідка біженця","TEMPORARY_CERTIFICATE":"Посвідка на проживання","TEMPORARY_PASSPORT":"Тимчасове посвідчення громадянина України"}},{"is_active":true,"labels":["SYSTEM","EXTERNAL"],"name":"LICENSE_TYPE","values":{"MSP":"заклад з надання медичних послуг","PHARMACY":"Аптека"}},{"is_active":true,"labels":["SYSTEM","EXTERNAL"],"name":"SPECIALITY_TYPE","values":{"PHYSICAL_THERAPY_AND_SPORTS_MEDICINE":"Лікувальна фізкультура і спортивна медицина","VIROLOGY":"Вірусологія","INFECTIOUS_DISEASES":"Інфекційні хвороби","TRADITIONAL_ALTERNATIVE_MEDICINE":"Народна та нетрадиційна медицина","FORENSIC_MEDICAL_TOXICOLOGY":"Судово-медична токсикологія","PEDIATRIC_HEMATOLOGY":"Дитяча гематологія","OCCUPATIONAL_MEDICINE":"Гігієна праці","PEDIATRIC_ALLERGY":"Дитяча алергологія","GENERAL_HEMATOLOGY":"Гематологія","MEDICAL_CASE_EMERGENCY_MEDICINE":"Лікувальна справа (невідкладні стани)","LABORATORY_IMMUNOLOGY":"Лабораторна імунологія","MEDICAL_STATISTICS":"Медична статистика","PROCTOLOGY":"Проктологія","OPHTHALMOLOGY":"Офтальмологія","SURGICAL_ONCOLOGY":"Онкохірургія","COMMON_HYGIENE":"Загальна гігієна","MEDICAL_GENETICS":"Генетика медична","PEDIATRIC_ONCOLOGY":"Дитяча онкологія","RADIOLOGIC_DIAGNOSIS":"Радіонуклідна діагностика","PHARMACEUTICS_ORGANIZATION":"Організація і управління фармацією","FORENSIC_MEDICAL_EXAMINATION":"Судово-медична експертиза","RADIATION_THERAPY":"Променева терапія","PHYSIOTHERAPY":"Фізіотерапія","PEDIATRIC_UROLOGY":"Дитяча урологія","SPORTS_MEDICINE":"Спортивна медицина","RHEUMATOLOGY":"Ревматологія","TOXICOLOGY":"Токсикологія","ANALYTICAL_AND_CONTROL_PHARMACY":"Аналітично-контрольна фармація","PEDIATRIC_ORTHOPAEDICS":"Дитяча ортопедія і травматологія","PEDIATRIC_NEUROLOGY":"Дитяча неврологія","RECEPTIONIST":"Реєстратор","PEDIATRIC_GYNECOLOGY":"Дитяча гінекологія","ORTHOPAEDICS":"Ортопедія і травматологія","PEDIATRICIAN":"Педіатрія","PATHOLOGY_LABORATORY":"Лабораторна справа (патологія)","RADIATION_HYGIENE":"Радіаційна гігієна","IMMUNOLOGY":"Імунологія","DIETETICS":"Дієтологія","REFLEXOLOGY":"Рефлексотерапія","PEDIATRIC_ENDOCRINOLOGY":"Дитяча ендокринологія","EPIDEMIOLOGY":"Епідеміологія","FORENSIC_PSYCHIATRIC_EXAMINATION":"Судово-психіатрична експертиза","CLINICAL_DIAGNOSTIC":"Клінічна лабораторна діагностика","FAMILY_DOCTOR":"Загальна практика - сімейна медицина","PEDIATRIC_OPHTHALMOLOGY":"Дитяча офтальмологія","PHTHISIOLOGY":"Фтизіатрія","OBSTETRICS":"Акушерська справа","PATHOLOGIC_ANATOMY":"Патологічна анатомія","SANOLOGY":"Санологія","FORENSIC_MEDICINE":"Суднова медицина","PHYSICAL_THERAPY":"Лікувальна фізкультура","NEPHROLOGY":"Нефрологія","ORTHODONTOLOGY":"Ортодонтія","COMMUNAL_HYGIENE":"Комунальна гігієна","NURSING":"Сестринська справа","THERAPIST":"Терапія","CLINICAL_IMMUNOLOGY":"Клінічна імунологія","LABORATORY_RESEARCH_OF_ENVIRONMENTAL_FACTORS":"Лабораторні дослідження факторів навколишнього середовища","DERMATO-VENEREOLOGY":"Дерматовенерологія","PEDIATRIC_IMMUNOLOGY":"Дитяча імунологія","GASTROENTEROLOGY":"Гастроентерологія","NEONATOLOGY":"Неонатологія","PEDIATRIC_GASTROENTEROLOGY":"Дитяча гастроентерологія","CARDIOVASCULAR_SURGERY":"Хірургія серця та магістральних судин","COMBUSTIOLOGY":"Комбустіологія","PARASITOLOGY":"Паразитологія","OBSTETRICS_AND_GYNECOLOGY":"Акушерство і гінекологія","ORTHOPEDIC_DENTISTRY":"Ортопедична стоматологія","PHYSICAL_MEDICINE_AND_REHABILITATION":"Фізична та реабілітаційна медицина","ERGOTHERAPEUTICS":"Ерготерапія","PUBLIC_HEALTH_AND_PREVENTIVE_MEDICINE":"Медико-профілактична справа","FORENSIC_MEDICAL_HISTOLOGY":"Судово-медична гістологія","GENERAL_SURGERY":"Хірургія","PEDIATRIC_PSYCHIATRY":"Дитяча психіатрія","PHYSICAL_THERAPEUTICS":"Фізична терапія","RADIOLOGY":"Радіологія","PEDIATRIC_DERMATO-VENEREOLOGY":"Дитяча дерматовенерологія","PEDIATRIC_PATHOLOGY":"Дитяча патологічна анатомія","NEUROSURGERY":"Нейрохірургія","PROVISOR":"Загальна фармація","PEDIATRIC_INFECTIOUS_DISEASE":"Дитячі інфекційні хвороби","ANAESTHETICS":"Анестезіологія","CLINICAL_LABORATORY":"Лабораторна справа (клініка)","SEXOPATHOLOGY":"Сексопатологія","PULMONOLOGY":"Пульмонологія","PEDIATRIC_PULMONOLOGY":"Дитяча пульмонологія","PSYCHOTHERAPY":"Психотерапія","MICROBIOLOGY":"Мікробіологія і вірусологія","DISINFECTION":"Дезінфекційна справа","ENDOCRINOLOGY":"Ендокринологія","BACTERIOLOGY":"Бактеріологія","PSYCHIATRY":"Психіатрія","THERAPEUTIC_DENTISTRY":"Терапевтична стоматологія","PSYCHOPHYSIOLOGY":"Психофізіологія","CARDIOLOGY":"Кардіологія","FUNCTIONAL_DIAGNOSTICS":"Функціональна діагностика","PEDIATRIC_PHTHISIOLOGY":"Дитяча фтизіатрія","PEDIATRIC_OTOLARYNGOLOGY":"Дитяча отоларингологія","PUBLIC_HEALTH_ORGANIZATION":"Організація і управління охороною здоров'я","NARCOLOGY":"Наркологія","LABORATORY_RESEARCH_OF_ENVIRONMENT_CHEMICAL_FACTORS":"Лабораторні дослідження хімічних факторів навколишнього середовища","PEDIATRIC_NEPHROLOGY":"Дитяча нефрологія","STOMATOLOGY":"Стоматологія","ONCOTOLARYNGOLOGY":"Онкоотоларингологія","LABORATORY_GENETICS":"Генетика лабораторна","ONCOLOGY":"Онкологія","PEDIATRIC_ANAESTHETICS":"Дитяча анестезіологія","EMERGENCY_MEDICINE":"Медицина невідкладних станів","ALLERGOLOGY":"Алергологія","UROLOGY":"Урологія","ADOLESCENT_MEDICINE":"Підліткова терапія","FOOD_HYGIENE":"Гігієна харчування","GERIATRICS":"Геріатрія","ENDOSCOPY":"Ендоскопія","AEROSPACE_MEDICINE":"Авіаційна та космічна медицина","PEDIATRIC_HYGIENE":"Гігієна дітей та підлітків","OCCUPATIONAL_PATHOLOGY":"Професійна патологія","PEDIATRIC_CARDIOLOGY":"Дитяча кардіоревматологія","CLINICAL_BIOCHEMISTRY":"Клінічна біохімія","THORACIC_SURGERY":"Торакальна хірургія","GENERAL_MEDICINE":"Лікувальна справа","LABORATORY_RESEARCH_OF_ENVIRONMENT_PHYSICAL_FACTORS":"Лабораторні дослідження фізичних факторів навколишнього середовища","X_RAY_RADIOLOGY":"Рентгенологія","FORENSIC_IMMUNOLOGY":"Судово-медична імунологія","FORENSIC_CRIMINOLOGY":"Судово-медична криміналістика","FORENSIC_CYTOLOGY":"Судово-медична цитологія","TRANSFUSIOLOGY":"Трансфузіологія","NEUROLOGY":"Неврологія","SURGICAL_DENTISTRY":"Хірургічна стоматологія","HYGIENE_LABORATORY":"Лабораторна справа (гігієна)","TRANSPLANTOLOGY":"Трансплантологія","PHARMACIST":"Фармація","GYNECOLOGIC_ONCOLOGY":"Онкогінекологія","PEDIATRIC_STOMATOLOGY":"Дитяча стоматологія","MEDICAL_PSYCHOLOGY":"Медична психологія","VASCULAR_SURGERY":"Судинна хірургія","OPERATING_NURSING":"Сестринська справа (операційна)","OTORHINOLARYNGOLOGY":"Отоларингологія","PEDIATRIC_SURGERY":"Дитяча хірургія","AUDIOLOGY":"Сурдологія","CLINICAL_PROVISOR":"Клінічна фармація","ULTRASONIC_DIAGNOSIS":"Ультразвукова діагностика"}},{"is_active":true,"labels":["SYSTEM","EXTERNAL"],"name":"DIVISION_TYPE","values":{"AMBULANT_CLINIC":"Амбулаторія","CLINIC":"Філія (інший відокремлений підрозділ)","DRUGSTORE":"Аптека","DRUGSTORE_POINT":"Аптечний пункт","FAP":"ФАП","LICENSED_UNIT":"Місце провадження діяльності"}},{"is_active":true,"labels":["SYSTEM","EXTERNAL"],"name":"EMPLOYEE_TYPE","values":{"ADMIN":"адміністратор","ASSISTANT":"асистент","DOCTOR":"лікар","HR":"відділ кадрів","NHS ADMIN":"Адміністратор адмін панелі НСЗУ","NHS ADMIN MONITORING":"Виконуючий функції моніторингу","NHS ADMIN PROGRAM MEDICATION":"Виконуючий функції адміністрування медичних програм","NHS ADMIN REIMBURSEMENT":"Виконуючий функції адміністрування електронних рецептів","NHS ADMIN SIGNER":"Виконуючий функції контрактування","NHS ADMIN VERIFIER":"Виконуючий функції верифікації","NHS LE TERMINATOR":"Виконуючий функцію деактивації закладу","NHS LE VERIFIER":"Виконуючий функції верифікації юридичних осіб","OWNER":"керівник закладу ОЗ","PHARMACIST":"фармацевт","PHARMACY_OWNER":"керівник аптеки","RECEPTIONIST":"працівник реєстратури","SPECIALIST":"спеціаліст"}},{"is_active":true,"labels":["SYSTEM","EXTERNAL"],"name":"SCIENCE_DEGREE","values":{"CANDIDATE_OF_SCIENCE":"Кандидат наук","DOCTOR_OF_SCIENCE":"Доктор наук","PHD":"Доктор філософії"}},{"is_active":true,"labels":["SYSTEM","EXTERNAL"],"name":"SPEC_QUALIFICATION_TYPE","values":{"AWARDING":"Присвоєння","DEFENSE":"Підтвердження"}},{"is_active":true,"labels":["SYSTEM","EXTERNAL"],"name":"POSITION","values":{"P32":"Головний державний санітарний лікар - головний лікар","P211":"Асистент фізичного терапевта","P233":"голова комісії з припинення або ліквідатор","P154":"Лікар-фтизіатр дільничний","P240":"Виконавчий директор","P39":"Лікар-бактеріолог","P252":"Помічник санітарого лікаря","P212":"Інструктор з трудової адаптації","P93":"Лікар-ортопед-травматолог","P63":"Лікар-імунолог дитячий","P79":"Лікар з лікувальної фізкультури","P250":"Інструктор-дезінфектор","P107":"Лікар-психіатр","P34":"Лікар-акушер-гінеколог","P217":"Провізор клінічний","P57":"Лікар-ендокринолог дитячий","P62":"Лікар-імунолог клінічний","P251":"Лаборант судово-медичної лабораторії","P201":"Фельдшер","P221":"Провізор-токсиколог","P65":"Лікар-інфекціоніст дитячий","P220":"Провізор-косметолог","P22":"Комерційний директор","P167":"Інструктор з надання догоспітальної допомоги","P111":"Лікар-психіатр підлітковий","P193":"Статистик медичний","P205":"Гігієніст зубний","P7":"Лікар загальної практики - сімейний лікар","P148":"Лікар-трансфузіолог","P12":"Лікар-терапевт цехової лікарської дільниці","P198":"Парамедик","P176":"Сестра медична з косметичних процедур","P99":"Лікар-офтальмолог дитячий","P248":"Лікар-ревматолог дитячий","P230":"т.в.о. директора","P58":"Лікар-ендоскопіст","P102":"Лікар-патологоанатом дитячий","P144":"Лікар - судово-психіатричний експерт","P164":"Лікар фізичної та реабілітаційної медицини","P44":"Лікар-гематолог дитячий","P31":"Директор департаменту","P9":"Лікар-педіатр дільничний","P85":"Лікар-невропатолог","P238":"в.о. Голови","P173":"Фельдшер-лаборант","P130":"Лікарі з медицини невідкладних станів","P166":"Фізичний терапевт","P232":"особа – управитель майна","P116":"Лікар-пульмонолог","P21":"Провізор","P15":"Працівник реєстратури","P247":"т.в.о. Голови","P246":"Лікар-кардіолог дитячий","P253":"Дезінструктор","P241":"Лаборант з бактеріології","P54":"Лікар-дерматовенеролог дитячий","P213":"Інструктор з трудової терапії","P92":"Лікар-онколог дитячий","P249":"Медичний директор","P223":"Провізор-інтерн","P185":"Сестра медична поліклініки","P56":"Лікар-ендокринолог","P128":"Лікар-статистик","P137":"Лікар судновий","P171":"Технолог з рентгенологічної діагностики","P38":"Лікар-анестезіолог дитячий","P88":"Лікар-нефролог дитячий","P199":"Помічник лікаря-епідеміолога","P95":"Лікар-отоларинголог","P33":"Лікар з авіаційної медицини","P204":"Фельдшер санітарний","P245":"Лікар-кардіолог-електрофізіолог","P17":"Лаборант (медицина)","P42":"Лікар-гастроентеролог дитячий","P237":"Голова","P179":"Сестра медична з фізіотерапії","P11":"Лікар-терапевт дільничний","P150":"Лікар-уролог","P235":"керуючий санацією","P158":"Лікар-хірург дитячий","P216":"Фахівець з фізичної реабілітації","P36":"Лікар-алерголог дитячий","P30":"Начальник управління","P105":"Лікар з променевої терапії","P225":"Експерт-токсиколог судовий","P43":"Лікар-гематолог","P104":"Лікар приймальної палати (відділення)","P78":"Лікар з лікувальної фізкультури та спортивної медицини","P60":"Лікар із загальної гігієни","P123":"Лікар-ревматолог","P156":"Лікар з функціональної діагностики","P229":"т.в.о. головного лікаря","P118":"Лікар пункту охорони здоров'я","P135":"Лікар-стоматолог-терапевт","P214":"Масажист","P243":"Лаборант клініко-діагностичної лабораторії","P110":"Лікар-психіатр дитячий дільничний","P222":"Лаборант (фармація)","P109":"Лікар-психіатр дитячий","P208":"Помічник лікаря-стоматолога","P51":"Лікар з гігієни харчування","P133":"Лікар-стоматолог-ортодонт","P146":"Лікар-токсиколог","P140":"Лікар - судово-медичний експерт імунолог","P132":"Лікар-стоматолог дитячий","P91":"Лікар-онколог","P197":"Диспетчер оперативно-диспетчерської служби (медицина)","P41":"Лікар-гастроентеролог","P192":"Сестра медична - кординатор","P98":"Лікар-офтальмолог","P19":"Завідувач аптечного пункту","P16":"Фармацевт","P40":"Лікар-вірусолог","P227":"Екстрений медичний технік","P125":"Лікар-санолог","P26":"ФОП","P170":"Технолог з лабораторної діагностики","P68":"Лікар-кардіоревматолог дитячий","P210":"Асистент ерготерапевта","P112":"Лікар-психіатр підлітковий дільничний","P218":"Провізор-аналітик","P97":"Лікар-отоларинголог-онколог","P120":"Лікар-радіолог","P13":"Лікар-терапевт підлітковий","P74":"Лікар-лаборант-імунолог","P143":"Лікар - судово-медичний експерт токсиколог","P163":"Лікар-хірург проктолог","P14":"Спеціаліст відділу кадрів","P96":"Лікар-отоларинголог дитячий","P24":"в.о. директора","P18":"Заступники з числа фармацевтів (завідувача, начальника)","P129":"Лікар-стажист","P1":"Генеральний директор","P206":"Інструктор із санітарної освіти","P169":"Рентгенолаборант","P81":"Лікар-мікробіолог-вірусолог","P115":"Лікар-психофізіолог","P48":"Лікар-гінеколог-онколог","P4":"Начальник","P64":"Лікар-інфекціоніст","P72":"Лікар-лаборант-генетик","P147":"Лікар-трансплантолог","P242":"Лаборант з імунології","P255":"Молодша медична сестра (санітарка-прибиральниця, санітарка-буфетниця тощо)","P45":"Лікар-генетик","P174":"Сестра медична","P175":"Сестра медична з дієтичного харчування","P106":"Лікар-профпатолог","P187":"Сестра медична стаціонару","P2":"Директор","P165":"Ерготерапевт","P35":"Лікар-алерголог","P138":"Лікар - судово-медичний експерт","P178":"Сестра медична з масажу","P66":"Лікар-інтерн","P25":"в.о. головного лікаря","P10":"Лікар-терапевт","P122":"Лікар-рентгенолог","P69":"Лікар-комбустіолог","P94":"Лікар-ортопед-травматолог дитячий","P37":"Лікар-анестезіолог","P236":"розпорядник майна","P151":"Лікар-уролог дитячий","P181":"Сестра медична зі стоматології","P76":"Лікар-лаборант-гігієніст з дослідження хімічних факторів навколишнього середовища","P161":"Лікар-хірург серцево-судинний","P101":"Лікар-патологоанатом","P226":"Експерт-цитолог судовий","P207":"Оптометрист","P215":"Масажист спортивний","P119":"Лікар з радіаційної гігієни","P209":"Технік зубний","P190":"Сестра медична дитячого стаціонару","P117":"Лікар-пульмонолог дитячий","P27":"Спеціаліст","P224":"Експерт-імунолог судовий","P113":"Лікар-психолог","P87":"Лікар-нефролог","P84":"Лікар-нарколог дільничний","P142":"Лікар - судово-медичний експерт цитолог","P195":"Акушерка","P90":"Лікар-нейрохірург дитячий","P149":"Лікар з ультразвукової діагностики","P29":"Начальник відділу","P180":"Сестра медична з функціональної діагностики","P8":"Лікар-педіатр","P46":"Лікар-геріатр","P23":"в.о. генерального директора","P155":"Лікар-фтизіатр дитячий","P126":"Лікар із спортивної медицини","P188":"Сестра медична - анестезист","P136":"Лікар-стоматолог-хірург","P196":"Фахівець безконтактного масажу","P124":"Лікар-рефлексотерапевт","P153":"Лікар-фтизіатр","P127":"Лікар-сексопатолог","P70":"Лікар з комунальної гігієни","P77":"Лікар-лаборант-гігієніст з дослідження фізичних факторів навколишнього середовища","P152":"Лікар-фізіотерапевт","P5":"Завідувач","P234":"ліквідатор","P86":"Лікар-невролог дитячий","P82":"Лікар з народної та нетрадиційної медицини","P134":"Лікар-стоматолог-ортопед","P194":"Технік-ортезист-гіпсовиливальник","P141":"Лікар - судово-медичний експерт криміналіст","P191":"Сестра медична загальної практики - сімейної медицини","P52":"Лікар-дезінфекціоніст","P47":"Лікар-гінеколог дитячого та підліткового віку","P182":"Сестра медична милосердя","P108":"Лікар-психіатр дільничний","P67":"Лікар-кардіолог","P55":"Лікар-дієтолог","P203":"Фельдшер із санітарної освіти","P103":"Лікар-педіатр-неонатолог","P50":"Лікар з гігієни праці","P71":"Лікар-лаборант","P186":"Сестра медична станції (відділення) швидкої та невідкладної медичної допомоги","P28":"Головний спеціаліст","P177":"Сестра медична з лікувальної фізкультури","P256":"Лаборант санітарно-гігієнічної лабораторії","P228":"Лікар-кардіолог інтервенційний","P162":"Лікар-хірург торакальний","P145":"Лікар-сурдолог","P6":"Заступники з числа лікарів","P114":"Лікар-психотерапевт","P53":"Лікар-дерматовенеролог","P168":"Логопед","P239":"Заступник Голови","P189":"Сестра медична дитячої поліклініки","P75":"Лікар-лаборант з клінічної біохімії","P254":"Молодша медична сестра з догляду за хворими","P49":"Лікар з гігієни дітей та підлітків","P139":"Лікар - судово-медичний експерт гістолог","P219":"Провізор-гомеопат","P183":"Сестра медична операційна","P202":"Фельдшер з медицини невідкладних станів","P83":"Лікар-нарколог","P172":"Фахівець із орієнтації сліпих","P200":"Технік-лаборант з клінічної нейрофізіології","P100":"Лікар-паразитолог","P73":"Лікар-лаборант-гігієніст","P3":"Головний лікар","P157":"Лікар-хірург","P160":"Лікар-хірург судинний","P59":"Лікар-епідеміолог","P231":"керівник","P121":"Лікар з радіонуклідної діагностики","P80":"Лікар-методист","P244":"Лаборант з патологоанатомічних досліджень","P131":"Лікар-стоматолог","P159":"Лікар-хірург-онколог","P20":"Старший провізор","P184":"Сестра медична патронажна","P61":"Лікар-імунолог","P89":"Лікар-нейрохірург"}}],"meta":{"code":200,"request_id":"8a431992-8b9d-4cbc-8a10-548f9c4ca061#384708","type":"list","url":"http://api-svc.il/api/dictionaries"}}