{
  "name": "SCSMed НЕРВОЛОГІЯ",
  "addresses": [
    {
      "type": "RESIDENCE",
      "country": "UA",
      "area": "М.КИЇВ",
      "region": "ДАРНИЦЬКИЙ",
      "settlement": "КИЇВ",
      "settlement_type": "CITY",
      "settlement_id": "adaa4abf-f530-461c-bcbf-a0ac210d955b",
      "street_type": "STREET",
      "street": "Драгоманова",
      "building": "46",
      "apartment": "2",
      "zip": "02014"
    }
  ],
  "phones": [
    {
      "type": "MOBILE",
      "number": "+380950341567"
    }
  ],
  "email": "scsmed555@gmail.com",
  "type": "LICENSED_UNIT",
  "external_id": "1110",
  "working_hours": {
    "mon": [["08.00","12.00"],["14.00","17.00"]],
    "tue": [["08.00","12.00"],["14.00","17.00"]],
    "wed": [["08.00","12.00"],["14.00","17.00"]],
    "thu": [["08.00","12.00"],["14.00","17.00"]],
    "fri": [["08.00","12.00"],["14.00","16.00"]]
  }
}
