{
   "employee_request":{
      "status":"NEW",
      "legal_entity_id":"30131cf9-836a-48a0-98dc-741ecb1d3cf7",
      "position":"P193",
      "employee_type":"ADMIN",
      "start_date":"2019-01-01",
      "end_date":"2024-02-01",
      "party":{
         "first_name":"Василь",
         "second_name":"Іванович",
         "last_name":"Грозний",
         "gender":"MALE",
         "birth_date":"1977-03-10",
         "email":"fesopip684@aieen.com",
         "no_tax_id": false,
         "tax_id": "2084518214",
         "documents":[
            {
               "type":"PASSPORT",
               "number":"СМ374285",
               "issued_by":"Фастовський РОМВД Київська область",
               "issued_at":"2001-08-01"
            }
         ],
         "phones":[
            {
               "type":"MOBILE",
               "number":"+380660409266"
            }
         ],
         "working_experience":20,
         "about_myself":"ДПТИ, КПИ"
      }
   }
}